Main Artist,Genres,Followers,Random Song
taylor swift,pop,203417284,I Can Do It With a Broken Heart
billie eilish,pop,183381156,hotline (edit)
drake,pop,169931433,Jimmy Cooks (feat. 21 Savage)
ed sheeran,pop,115998928,Bam Bam (feat. Ed Sheeran)
adele,pop,108031896,Rolling in the Deep
bruno mars,pop,107497084,Leave The Door Open
imagine dragons,pop,103641904,Eyes Closed
ariana grande,pop,95710972,Die For You (with Ariana Grande) - Remix
post malone,pop,86662935,Congratulations
the weeknd,pop,75945958,Young Metro
justin bieber,pop,75112165,Ghost
beyoncé,pop,73818713,LEVII'S JEANS
bts,pop,71697648,Left and Right (Feat. Jung Kook of BTS)
one direction,pop,68871214,Right Now
maluma,pop,68390497,Tá OK (Remix)
olivia rodrigo,pop,65806882,good 4 u
shakira,pop,65054828,TQG
camila cabello,pop,65046017,Señorita
lana del rey,pop,64717877,Let The Light In (feat. Father John Misty)
nicki minaj,pop,61369456,Bang Bang
rihanna,pop,59152035,We Found Love
lady gaga,pop,58384711,Always Remember Us This Way
demi lovato,pop,52775395,Solo (feat. Demi Lovato)
coldplay,pop,48792512,Yellow
blackpink,pop,47550269,Typa Girl
selena gomez,pop,47194902,Wolves
calvin harris,pop,46044714,This Is What You Came For
avicii,pop,45974687,Waiting For Love
shawn mendes,pop,42978639,If I Can't Have You
dua lipa,pop,42549278,Dance The Night - From Barbie The Album
maroon 5,pop,41996696,She Will Be Loved - Radio Mix
romeo santos,pop,41041260,Eres Mía
twice,pop,39436589,The Feels
melanie martinez,pop,38852604,Mad Hatter
ozuna,pop,38192380,Diles
marshmello,pop,35223255,Silence
darshan raval,pop,33949880,Mujhe Peene Do
p!nk,pop,32675657,Try
khalid,pop,32370319,lovely (with Khalid)
katy perry,pop,30972097,Firework
the neighbourhood,pop,30558835,Reflections
harry styles,pop,30523224,Late Night Talking
tulus,pop,28691507,Langit Abu-Abu
doja cat,pop,27692820,Need to Know
sia,pop,27476664,Cheap Thrills
migos,pop,27405812,Stir Fry
manuel turizo,pop,26933356,Una Lady Como Tú
sidhu moose wala,pop,26777908,These Days (feat. Bohemia)
maiara & maraisa,pop,26740211,Não Sei Se Tô Solteiro - Ao Vivo
david guetta,pop,26584415,Lighter
jung kook,pop,25677310,Yes or No
ellie goulding,pop,24765057,Love Me Like You Do
twenty one pilots,pop,24217691,Ride
panic! at the disco,pop,24196263,House of Memories
sam smith,pop,23538152,Stay With Me
alok,pop,23465472,Deep Down (feat. Never Dull)
dababy,pop,23316054,ROCKSTAR (feat. Roddy Ricch)
anne-marie,pop,23307685,Ciao Adios
zayn,pop,22977021,PILLOWTALK
miley cyrus,pop,22933561,Party In The U.S.A.
cardi b,pop,22873770,Finesse - Remix; feat. Cardi B
sebastian yatra,pop,22817340,Como Mirarte
enrique iglesias,pop,22179586,SUBEME LA RADIO
matheus & kauan,pop,22177838,Decide Aí - Na Praia / Ao Vivo
charlie puth,pop,22013348,Cheating on You
dj khaled,pop,22008786,"I'm the One (feat. Justin Bieber, Quavo, Chance the Rapper & Lil Wayne)"
don omar,pop,21899194,Virtual Diva
avril lavigne,pop,21334643,Wish You Were Here
halsey,pop,21287602,Him & I (with Halsey)
zara larsson,pop,20881719,Symphony (feat. Zara Larsson)
kelly clarkson,pop,20664549,My Life Would Suck Without You
pitbull,pop,20609273,Guantanamera (She's Hot)
the chainsmokers,pop,20578073,Addicted
lorde,pop,19967892,Liability
rauw alejandro,pop,19801456,LOKERA
niall horan,pop,19739905,Put A Little Love On Me
5 seconds of summer,pop,19683726,Teeth
natti natasha,pop,19676373,Criminal
atif aslam,pop,19575122,Main Rang Sharbaton Ka
feid,pop,19449728,Feliz Cumpleaños Ferxxo
mariah carey,pop,19397670,"yes, and? (with Mariah Carey) - Remix"
nf,pop,19018587,When I Grow Up
marc anthony,pop,18986680,Flor Pálida
diljit dosanjh,pop,18545897,Proper Patola
camilo,pop,18536121,Tattoo - Remix with Camilo
rahat fateh ali khan,pop,18388160,Saaiyaan
conan gray,pop,18378126,The Cut That Always Bleeds
red velvet,pop,17989134,미래
sezen aksu,pop,17956183,Firuze
jay-z,pop,17800105,Why I Love You
bebe rexha,pop,17768466,Meant to Be (feat. Florida Georgia Line)
reik,pop,17328608,Yo Quisiera
j-hope,pop,17317541,on the street (with J. Cole)
juan gabriel,pop,16783433,Caray
rita ora,pop,16646998,Your Song
onerepublic,pop,16641267,Apologize
my chemical romance,pop,16516162,Cancer
sza,pop,16328700,TELEKINESIS (feat. SZA & Future)
fifth harmony,pop,16318507,Sledgehammer
troye sivan,pop,16210236,Got Me Started
drake,hip hop,169931433,IDGAF (feat. Yeat)
eminem,hip hop,162922217,The Real Slim Shady
bad bunny,hip hop,158352843,WHERE SHE GOES
post malone,hip hop,86662935,rockstar (feat. 21 Savage)
anuel aa,hip hop,69334572,OA
maluma,hip hop,68390497,Hawái
nicki minaj,hip hop,61369456,FTCU
travis scott,hip hop,54330747,BUTTERFLY EFFECT
kendrick lamar,hip hop,53937311,All The Stars (with SZA)
kanye west,hip hop,47459917,FUK SUMN
paulo londra,hip hop,45349662,Me Tiene Mal
xxxtentacion,hip hop,43832734,Falling Down - Bonus Track
karol g,hip hop,42614177,MAMIII
chris brown,hip hop,42445313,Sensational (feat. Davido & Lojay)
romeo santos,hip hop,41041260,Odio (feat. Drake)
ozuna,hip hop,38192380,Dile Que Tu Me Quieres
j balvin,hip hop,38028010,LA CANCIÓN
daddy yankee,hip hop,34243502,China
21 savage,hip hop,33997333,Glock In My Lap
lil uzi vert,hip hop,33322431,Watch This - ARIZONATEARS Pluggnb Remix
lil baby,hip hop,33285578,Pure Cocaine
future,hip hop,32201881,Too Many Nights (feat. Don Toliver & with Future)
juice wrld,hip hop,31741500,Bandit (with YoungBoy Never Broke Again)
"tyler, the creator",hip hop,28076526,RUNNING OUT OF TIME
anirudh ravichander,hip hop,27933912,Naa Ready
migos,hip hop,27405812,Narcos
manuel turizo,hip hop,26933356,UNA CERVEZA
sidhu moose wala,hip hop,26777908,Same Beef
arcángel,hip hop,26638431,Tu No Vive Asi (feat. Mambo Kingz & DJ Luian)
badshah,hip hop,25975371,Players
linkin park,hip hop,24974390,Faint
lil nas x,hip hop,24902819,J CHRIST
youngboy never broke again,hip hop,24712435,Outside Today
childish gambino,hip hop,24347056,This Is America
dababy,hip hop,23316054,Ball If I Want To
cardi b,hip hop,22873770,Bongos (feat. Megan Thee Stallion)
j. cole,hip hop,22235668,Power Trip (feat. Miguel)
dj khaled,hip hop,22008786,GREECE (feat. Drake)
don omar,hip hop,21899194,Dile
pitbull,hip hop,20609273,Hey Baby (Drop It to the Floor) (feat. T-Pain)
kodak black,hip hop,20406427,Wake Up in the Sky
ynw melly,hip hop,20222642,Mixed Personalities (feat. Kanye West)
playboi carti,hip hop,19862117,Location
rauw alejandro,hip hop,19801456,DILUVIO
natti natasha,hip hop,19676373,Criminal
the notorious b.i.g.,hip hop,19645222,Juicy - 2005 Remaster
feid,hip hop,19449728,SI SABE FERXXO
lil yachty,hip hop,19342834,drive ME crazy!
nicky jam,hip hop,19298697,Calor
nf,hip hop,19018587,HOPE
trippie redd,hip hop,18657692,beauty
jay-z,hip hop,17800105,No Church In The Wild
j-hope,hip hop,17317541,on the street (with J. Cole)
sza,hip hop,16328700,Kill Bill
burna boy,hip hop,16111770,For My Hand (feat. Ed Sheeran)
cartel de santa,hip hop,15934436,Vato Sencillo
farruko,hip hop,15882026,Fantasias
lil tjay,hip hop,15865441,Pop Out (feat. Lil Tjay)
prince royce,hip hop,15721178,Morfina (feat. Paloma Mami)
rm,hip hop,15661486,Hectic (with Colde)
nle choppa,hip hop,15124711,Shotta Flow (feat. Blueface) - Remix
yo yo honey singh,hip hop,14846556,Party On My Mind
rae sremmurd,hip hop,14763639,Come Get Her
becky g,hip hop,14374317,Sin Pijama
lil wayne,hip hop,14364704,Mrs. Officer
rick ross,hip hop,14297655,Champagne Moments
metro boomin,hip hop,14102192,Type Shit
wisin & yandel,hip hop,14098546,Abusadora
6ix9ine,hip hop,13757462,KEKE
bizarrap,hip hop,13631576,Mamichula - con Nicki Nicole
myke towers,hip hop,13527025,Trending Remix (with Myke Towers)
agust d,hip hop,13452794,Life Goes On
pop smoke,hip hop,13377611,Dior
a$ap rocky,hip hop,13232770,"Am I Dreaming (Metro Boomin & A$AP Rocky, Roisee)"
50 cent,hip hop,13190905,Candy Shop
rod wave,hip hop,13047625,Heart On Ice
frank ocean,hip hop,12452953,Chanel
eladio carrion,hip hop,12187031,Hola Como Vas
kevin gates,hip hop,12131641,Really Really
sech,hip hop,12113101,Volando - Remix
logic,hip hop,12003460,Homicide (feat. Eminem)
sfera ebbasta,hip hop,11955816,"Amore Mio (feat. Sfera Ebbasta, Jul)"
nicki nicole,hip hop,11899452,Una Foto Remix (feat. Emilia)
ski mask the slump god,hip hop,11356137,Shibuya
wiz khalifa,hip hop,11266000,We Dem Boyz
big sean,hip hop,11230322,I Don't Fuck With You
lil peep,hip hop,11199713,ghost boy
gorillaz,hip hop,11112009,On Melancholy Hill
usher,hip hop,10961341,Yeah! (feat. Lil Jon & Ludacris)
dr. dre,hip hop,10934751,Still D.R.E.
snoop dogg,hip hop,10780809,Gin and Juice
lil mosey,hip hop,10743292,Kamikaze
french montana,hip hop,10649335,Hurtin' Me
polo g,hip hop,10515354,Neva Cared
canserbero,hip hop,10497916,Maquiavélico
alemán,hip hop,10487704,Grandes Ligas
g-eazy,hip hop,10480634,You Don't Own Me (feat. G-Eazy)
slipknot,hip hop,10470264,Unsainted
lary over,hip hop,10468095,Tu Me Enamoraste - Remix
bryant myers,hip hop,10208395,Suave (Remix)
bad bunny,latin,158352843,WHERE SHE GOES
anuel aa,latin,69334572,Corazón Roto pt. 3
maluma,latin,68390497,Tá OK (Remix)
shakira,latin,65054828,(Entre Paréntesis)
paulo londra,latin,45349662,Por Eso Vine
karol g,latin,42614177,AMARGURA
romeo santos,latin,41041260,Eres Mía
ozuna,latin,38192380,Caramelo - Remix
j balvin,latin,38028010,UN PESO
daddy yankee,latin,34243502,Llamado de Emergencia
marília mendonça,latin,33794183,Troca de Calçada
christian nodal,latin,28539712,Botella Tras Botella
junior h,latin,27354029,TRES BOTELLAS
manuel turizo,latin,26933356,Quiéreme Mientras Se Pueda
maiara & maraisa,latin,26740211,Corpo Sexy - Ao Vivo
arcángel,latin,26638431,Hace Mucho Tiempo
wesley safadão,latin,23761141,Ninguém Sabe
sebastian yatra,latin,22817340,Como Mirarte
enrique iglesias,latin,22179586,Bailando - Spanish Version
matheus & kauan,latin,22177838,Mala dos Porta-Mala - Ao Vivo
natanael cano,latin,21947010,"Natanael Cano: Bzrp Music Sessions, Vol. 59"
don omar,latin,21899194,Dile
calibre 50,latin,21876564,Escuela Del Virus Antrax
gusttavo lima,latin,21070104,Relação Errada - Ao Vivo
henrique & juliano,latin,20781523,Devia Ser Proibido - Ao Vivo Em Brasília
kodak black,latin,20406427,Wake Up in the Sky
carin leon,latin,20310504,Según Quién
vicente fernández,latin,20019863,Mujeres Divinas
rauw alejandro,latin,19801456,DILUVIO
natti natasha,latin,19676373,"EL ROYCE (feat. Natti Natasha, iZaak)"
feid,latin,19449728,LA INOCENTE
zé neto & cristiano,latin,19424584,Um Mês E Pouco - Ao Vivo
nicky jam,latin,19298697,El Perdón (with Enrique Iglesias)
marc anthony,latin,18986680,Flor Pálida
jorge & mateus,latin,18819720,Pra Sempre Com Você - Ao Vivo
camilo,latin,18536121,El Mismo Aire - con Pablo Alborán
reik,latin,17328608,Amigos Con Derechos
banda ms de sergio lizárraga,latin,17202766,A Lo Mejor
juan gabriel,latin,16783433,Se Me Olvidó Otra Vez
cartel de santa,latin,15934436,Leve
farruko,latin,15882026,Passion Whine
prince royce,latin,15721178,Calumnia
chayanne,latin,15490139,Madre Tierra (Oye)
zion & lennox,latin,15224642,La player (Bandolera)
mc kevinho,latin,15178176,Rabiola
gerardo ortiz,latin,15144719,Perdóname
tini,latin,15017430,Me Enteré
alfredo olivas,latin,14945747,El Vals Del Olvido
los ángeles azules,latin,14584651,20 Rosas
fuerza regida,latin,14491836,TQM
becky g,latin,14374317,Cuando Te Besé
luis miguel,latin,14338231,Ahora Te Puedes Marchar
wisin & yandel,latin,14098546,Abusadora
bizarrap,latin,13631576,Mamichula - con Nicki Nicole
myke towers,latin,13527025,Piensan
mon laferte,latin,13315567,Antes De Ti
la arrolladora banda el limón de rene camacho,latin,13025844,Entre Beso Y Beso
peso pluma,latin,12927144,LA PEOPLE II
ricardo arjona,latin,12500527,Te Conozco
eladio carrion,latin,12187031,Hola Como Vas
sech,latin,12113101,Quizas
sfera ebbasta,latin,11955816,PILLOLE (feat. Sfera Ebbasta & Geolier)
nicki nicole,latin,11899452,DISPARA ***
luis fonsi,latin,11163849,El Ultimo Adiós - Varios Artistas Version
maná,latin,10572235,Clavado en Un Bar
canserbero,latin,10497916,Es Épico
lary over,latin,10468095,Solo - Remix
mc don juan,latin,10278765,Áudio Que Te Entrega - Faixa Bônus
morat,latin,10225464,Besos En Guerra
bryant myers,latin,10208395,Caile
pablo alborán,latin,10008327,Quién
duki,latin,9940963,como si no importara
cnco,latin,9906625,Hey DJ - Remix
thalia,latin,9830835,No Me Acuerdo
joan sebastian,latin,9585684,Más Allá Del Sol
cristiano araújo,latin,9498971,É Com Ela Que Eu Estou - Ao Vivo
piso 21,latin,9315006,Me Llamas (feat. Maluma) - Remix
lunay,latin,9187581,TODO O NADA
david bisbal,latin,9068025,Dígale
julión álvarez y su norteño banda,latin,9011390,Afuera Está Lloviendo
t3r elemento,latin,8808720,Mi Religión
jowell & randy,latin,8757732,Anaranjado
pepe aguilar,latin,8719040,Prometiste
jesse & joy,latin,8551717,Ecos De Amor
yuridia,latin,8493108,Llévate
ñejo,latin,8456433,"Esta Cabron (Remix) [feat. Anuel Aa, Yomo, Pusho, Almighty, D.Ozi & Jamby ""El Favo""]"
soda stereo,latin,8336751,Prófugos - Remasterizado 2007
gustavo cerati,latin,8293014,Adiós
naiara azevedo,latin,8249785,Palhaça - Ao Vivo
ha*ash,latin,8234108,Resistiré
carla morrison,latin,8182606,Hasta la Piel
lauana prado,latin,7745777,Escrito Nas Estrelas - Ao Vivo
"tito ""el bambino""",latin,7738755,"Sol, Playa Y Arena"
aventura,latin,7720587,El Malo
ricky martin,latin,7658273,Livin' la Vida Loca
noriel,latin,7600671,Suave (Remix)
luan santana,latin,7585512,AMBIENTE ERRADO - Ao Vivo
alejandro sanz,latin,7537864,Mi soledad y yo
edwin luna y la trakalosa de monterrey,latin,7478194,Borracho de Amor
yandel,latin,7470549,Báilame - Remix
imagine dragons,rock,103641904,On Top Of The World
metallica,rock,53391272,Master of Puppets (Remastered)
queen,rock,49174063,I Want To Break Free - Remastered 2011
arctic monkeys,rock,46990350,Mardy Bum
red hot chili peppers,rock,40979970,Dani California
the neighbourhood,rock,30558835,Sweater Weather
guns n' roses,rock,30500319,Paradise City
ac/dc,rock,27832428,Thunderstruck
the beatles,rock,26792137,I Want To Hold Your Hand - Remastered 2009
elton john,rock,25720707,"Rocket Man (I Think It's Going To Be A Long, Long Time)"
linkin park,rock,24974390,Papercut
twenty one pilots,rock,24217691,Chlorine
panic! at the disco,rock,24196263,New Perspective
daft punk,rock,19558918,One More Time
nirvana,rock,18681367,About A Girl
elvis presley,rock,18285625,A Little Less Conversation - JXL Radio Edit Remix
onerepublic,rock,16641267,Sunshine
my chemical romance,rock,16516162,The Ghost of You
bon jovi,rock,13052724,Runaway
mumford & sons,rock,12901468,Good People
u2,rock,11810788,Pride (In The Name Of Love) - Remastered 2009
foo fighters,rock,11494084,All My Life
gorillaz,rock,11112009,On Melancholy Hill
fleetwood mac,rock,10798694,Don't Stop - 2004 Remaster
maná,rock,10572235,Oye Mi Amor
slipknot,rock,10470264,Snuff
fall out boy,rock,10453224,Summer Days (feat. Macklemore & Patrick Stump of Fall Out Boy)
keith urban,rock,10334087,Brown Eyes Baby
eagles,rock,10210150,Lyin' Eyes - 2013 Remaster
david bowie,rock,10055339,Let's Dance - 2018 Remaster
dewa 19,rock,9814622,Aku Cinta Kau Dan Dia
oasis,rock,9474710,She's Electric - Remastered
rod stewart,rock,9129870,Young Turks - 2008 Remaster
david bisbal,rock,9068025,Ahora
rammstein,rock,9028068,Ich will
iron maiden,rock,8879681,Aces High (2015 Remaster)
the beach boys,rock,8790674,California Dreamin' - 2007 Digital Remaster
luke bryan,rock,8622250,"Huntin', Fishin' And Lovin' Every Day"
evanescence,rock,8577225,Bring Me To Life
soda stereo,rock,8336751,Zoom - Remasterizado 2007
gustavo cerati,rock,8293014,Vivo
måneskin,rock,8273660,BABY SAID
paramore,rock,8254208,That's What You Get
the script,rock,8121620,Hall of Fame (feat. will.i.am)
blink-182,rock,7984316,Feeling This
electric light orchestra,rock,7927296,Turn to Stone
muse,rock,7755623,Knights of Cydonia
foster the people,rock,7507731,I Would Do Anything for You
zac brown band,rock,7496319,Colder Weather
melendi,rock,7473646,La promesa
la oreja de van gogh,rock,7318425,Puedes Contar Conmigo
blake shelton,rock,7273171,Sangria
the killers,rock,7197840,Read My Mind
tame impala,rock,7172278,Feels Like We Only Go Backwards
bon iver,rock,7083349,Rosyln
the 1975,rock,7024219,I'm In Love With You
sheila on 7,rock,7014568,Pemuja Rahasia
scorpions,rock,7004779,Always Somewhere
bryan adams,rock,6932692,Heaven
mrs. green apple,rock,6881546,Soranji
cem adrian,rock,6865594,Helal
charlie brown jr.,rock,6802119,Pontes Indestrutiveis - Ao Vivo
last child,rock,6743989,Sekuat Hatimu
florence + the machine,rock,6605634,Shake It Out
creedence clearwater revival,rock,6462389,Run Through The Jungle
jason aldean,rock,6429854,If I Didn’t Love You
disturbed,rock,6396749,Decadence
bob dylan,rock,6393761,Mr. Tambourine Man
five finger death punch,rock,6279234,Jekyll and Hyde
hozier,rock,6238650,Someone New
december avenue,rock,6228947,Kahit Di Mo Alam
beabadoobee,rock,6220994,Cologne
legião urbana,rock,6181481,Hoje A Noite Não Tem Luar (Hoy Me Voy Para México) - Ao Vivo Em São Paulo / 1999
official hige dandism,rock,6168392,ノーダウト
johnny cash,rock,6155417,So Doggone Lonesome
dierks bentley,rock,6147341,Sideways
kodaline,rock,6046333,High Hopes
bruce springsteen,rock,6004653,Dancing In the Dark
vance joy,rock,6000703,We're Going Home
snow patrol,rock,5874576,Shut Your Eyes
limp bizkit,rock,5844374,Break Stuff
skank,rock,5810098,Vamos Fugir
the police,rock,5801437,Don't Stand So Close To Me
john lennon,rock,5796620,(Just Like) Starting Over - Remastered 2010
eric clapton,rock,5743053,Magnolia (feat. John Mayer)
zoé,rock,5607022,Soñé - En Vivo
the strokes,rock,5555543,The Adults Are Talking
bastille,rock,5522452,Happier
florida georgia line,rock,5445623,Meant to Be (feat. Florida Georgia Line)
yüzyüzeyken konuşuruz,rock,5393232,Uykusuz ve Dengesiz
fiersa besari,rock,5388801,Melawan Hati
duman,rock,5330213,Her Şeyi Yak
kings of leon,rock,5319151,Pyro
the lumineers,rock,5319017,Nobody Knows
journey,rock,5305841,Faithfully (2023 Remaster)
bring me the horizon,rock,5242439,Drown
one ok rock,rock,5232353,Wherever you are
ozzy osbourne,rock,5179842,Mr. Crowley
simon & garfunkel,rock,5088185,Homeward Bound
papa roach,rock,5041004,Born For Greatness
adele,r&b,108031896,Rolling in the Deep
the weeknd,r&b,75945958,The Hills
beyoncé,r&b,73818713,JOLENE
michael jackson,r&b,60106910,Remember the Time
chris brown,r&b,42445313,Five More Hours
red hot chili peppers,r&b,40979970,Scar Tissue
khalid,r&b,32370319,Better
tulus,r&b,28691507,1000 Tahun Lamanya
sza,r&b,16328700,TELEKINESIS (feat. SZA & Future)
mc kevinho,r&b,15178176,Tumbalatum
frank sinatra,r&b,13793635,The Way You Look Tonight
stevie wonder,r&b,12729597,You Are The Sunshine Of My Life
frank ocean,r&b,12452953,Thinkin Bout You
anitta,r&b,12375582,BELLAKEO
alessia cara,r&b,11936770,"I Choose - From The Netflix Original Film ""The Willoughbys"""
nicki nicole,r&b,11899452,DISPARA ***
alicia keys,r&b,11338358,Underdog
big sean,r&b,11230322,Precision
usher,r&b,10961341,U Got It Bad
dr. dre,r&b,10934751,Keep Their Heads Ringin'
snoop dogg,r&b,10780809,From The D 2 The LBC (with Snoop Dogg)
luísa sonza,r&b,10558692,Não Vai Embora
daniel caesar,r&b,10536857,Valentina
marvin gaye,r&b,10498719,I Heard It Through The Grapevine
mc don juan,r&b,10278765,Let's Go 4
ty dolla $ign,r&b,10045100,BURN
miguel,r&b,9898759,All I Want Is You (feat. J. Cole)
matuê,r&b,9714009,Vampiro
aya nakamura,r&b,8833692,Soirée parisienne (feat. Jizo Djohn.P)
amy winehouse,r&b,8590461,He Can Only Hold Her
ne-yo,r&b,8514125,Mad
pabllo vittar,r&b,8418957,Me Usa
ice cube,r&b,8339527,Check Yo Self - Remix
megan thee stallion,r&b,8269043,"SG (with Ozuna, Megan Thee Stallion & LISA of BLACKPINK)"
naiara azevedo,r&b,8249785,Palhaça - Ao Vivo
rosalía,r&b,8081718,El Pañuelo
raisa,r&b,7863211,Mantan Terindah
bryson tiller,r&b,7747027,CALYPSO
mc livinho,r&b,7511909,Novidade na Área
trey songz,r&b,7482041,Can't Help but Wait
kehlani,r&b,7394677,After Hours
greeicy,r&b,7343620,Más Fuerte
mc kevin,r&b,7233707,Mistério
jhené aiko,r&b,7103359,B.S. (feat. H.E.R.)
h.e.r.,r&b,7041807,Come Through (feat. Chris Brown)
chase atlantic,r&b,7010678,Slow Down
ludmilla,r&b,6929968,Ainda Gosto de Você / Já Era - Ao Vivo
destiny's child,r&b,6889842,Cater 2 U
john legend,r&b,6682492,On Time (with John Legend)
ruth b.,r&b,6618622,28 with Dean Lewis - Sped Up
jeremih,r&b,6610374,Neither Do I
aretha franklin,r&b,6588156,(You Make Me Feel Like) A Natural Woman
ciara,r&b,6455314,Goodies (feat. Petey Pablo)
mc cabelinho,r&b,6449053,Poesia Acústica 13
tory lanez,r&b,6240538,Lavender Sunflower
rels b,r&b,6228433,lo que hay x aquí
michael bublé,r&b,6094416,It's a Beautiful Day
partynextdoor,r&b,5989685,Wus Good / Curious
mc wm,r&b,5915962,Sua Amiga Vou Pegar
limp bizkit,r&b,5844374,Break Stuff
summer walker,r&b,5764823,"To Summer, From Cole - Audio Hug"
mc ig,r&b,5755181,"Deus, Por favor"
eric clapton,r&b,5743053,Magnolia (feat. John Mayer)
dadju,r&b,5621761,Reine
clean bandit,r&b,5387305,Rockabye (feat. Sean Paul & Anne-Marie)
ella mai,r&b,5319866,Naked - Bonus Track
niska,r&b,5284268,Balader
mc hariel,r&b,5264637,Perfeita
mc poze do rodo,r&b,5205544,Poesia Acústica 11: Nada Mudou
brent faiyaz,r&b,5091260,ALL MINE
soolking,r&b,5019334,Guerilla
projota,r&b,4979820,Pra Não Dizer Que Não Falei Do Ódio - Ao Vivo
anderson .paak,r&b,4925377,Smokin Out The Window
damso,r&b,4919207,Feu de bois
dalex,r&b,4911908,Quizas
nego do borel,r&b,4833853,Não Me Deixe Sozinho
pedro sampaio,r&b,4809098,DANÇARINA
mc pedrinho,r&b,4675857,Pegada Bruta (Ao Vivo)
iza,r&b,4644008,Dona de mim
t-pain,r&b,4621317,Up Down (Do This All Day) (feat. B.o.B)
6lack,r&b,4567101,OTW
mc ryan sp,r&b,4528845,Ritmista 1.0
emeli sandé,r&b,4428962,Heaven
mc paiva zs,r&b,4397232,01 Não É 02
aaliyah,r&b,4249278,Are You That Somebody
al james,r&b,4241873,Mood
gims,r&b,4207234,Est-ce que tu m'aimes ? - Pilule bleue
wale,r&b,4200638,BLOOD ON THE DANCE FLOOR (feat. Bloody Civilian and Wale)
solange,r&b,4128101,Don't Touch My Hair (feat. Sampha)
"earth, wind & fire",r&b,4126695,September
a tribe called quest,r&b,4099061,Jazz (We've Got)
toni braxton,r&b,4027305,I Love Me Some Him
chuck berry,r&b,3874347,School Day (Ring Ring Goes The Bell)
robin thicke,r&b,3872006,Look Easy
tlc,r&b,3817807,Waterfalls - Single Edit
mary j. blige,r&b,3762264,As
mc g15,r&b,3761146,Set do G15 - A Revoada Começou
mc kekel,r&b,3732425,Solteiro Até Morrer
mc davi,r&b,3723675,Pagodeiro
l7nnon,r&b,3688153,Desacreditado
bad bunny,reggae,158352843,Tití Me Preguntó
anuel aa,reggae,69334572,Ella Quiere Beber - Remix
maluma,reggae,68390497,Créeme
karol g,reggae,42614177,MAMIII
ozuna,reggae,38192380,Monotonía
j balvin,reggae,38028010,UN PESO
daddy yankee,reggae,34243502,Con Calma
manuel turizo,reggae,26933356,DE LUNES A LUNES
arcángel,reggae,26638431,"FLOWHOT (feat. Arcángel, De La Ghetto, Randy)"
bob marley & the wailers,reggae,24081432,Three Little Birds
sebastian yatra,reggae,22817340,Pareja Del Año
don omar,reggae,21899194,Dale Don Dale
rauw alejandro,reggae,19801456,Tiroteo - Remix
natti natasha,reggae,19676373,To The Beat
feid,reggae,19449728,LA INOCENTE
nicky jam,reggae,19298697,El Perdón (with Enrique Iglesias)
camilo,reggae,18536121,BEBÉ
reik,reggae,17328608,Si Me Dices Que Sí
farruko,reggae,15882026,Passion Whine
zion & lennox,reggae,15224642,No Es Justo
becky g,reggae,14374317,Cough
wisin & yandel,reggae,14098546,Noche De Entierro
myke towers,reggae,13527025,El Cielo
sech,reggae,12113101,LA RANGER (feat. Myke Towers)
lary over,reggae,10468095,Diabla (Official Remix)
bryant myers,reggae,10208395,Suave (Remix)
cnco,reggae,9906625,Reggaetón Lento (Bailemos)
piso 21,reggae,9315006,Pa' Olvidarme De Ella
lunay,reggae,9187581,Aventura
jowell & randy,reggae,8757732,Triple S
ñejo,reggae,8456433,¿Cual Es Tu Plan?
"tito ""el bambino""",reggae,7738755,Caile
noriel,reggae,7600671,Suave (Remix)
yandel,reggae,7470549,Fecha
greeicy,reggae,7343620,Los Besos
de la ghetto,reggae,7320570,ULTRA SOLO REMIX
jhayco,reggae,7129334,Corazón Roto - Remix
mau y ricky,reggae,6869038,La Boca
brytiago,reggae,6798357,Asesina - Remix
cazzu,reggae,6679543,After House
baby rasta & gringo,reggae,6629129,Amor Prohibido
mike bahía,reggae,6320810,Buscándote
sofía reyes,reggae,6218168,¿Qué Ha Pasao'?
amenazzy,reggae,6209515,No Tenemos Nada
jon z,reggae,6133896,Ella Te Las Va A Pegar (feat. Ele a el Dominio & Noriel)
cosculluela,reggae,5855357,Madura
kevin roldan,reggae,5841168,Anoche Te Llamé Borracho
j alvarez,reggae,5465335,Regalame Una Noche
nacho,reggae,5456610,No Te Vas
danny ocean,reggae,5347867,Dembow
alexis y fido,reggae,5331311,Mala Conducta (feat. Franco El Gorila)
nio garcia,reggae,5322846,AM Remix
ñengo flow,reggae,5253403,Escándalo
lenny tavárez,reggae,5132797,"SI SI SI SI (feat. Eladio Carrion, Bryant Myers, Dei V)"
dalex,reggae,4911908,Porno
casper magico,reggae,4857241,Presidentes Muertos
tego calderón,reggae,4538785,Metele Sazón
justin quiles,reggae,4362463,Medallo
darell,reggae,4171785,Lollipop
miky woodz,reggae,4117570,Forever Happy
cali y el dandee,reggae,4027287,Locura
tainy,reggae,3922015,Lo Siento BB:/
alex rose,reggae,3846326,Khalifa
eraserheads,reggae,3813345,Magasin
plan b,reggae,3720140,Te Dijeron
blessd,reggae,3707959,Medallo
jay wheeler,reggae,3649978,"QUÍTENME EL TELÉFONO (feat. Yandel, Jay Wheeler)"
tony dize,reggae,3640417,Quizas - Remix
ele a el dominio,reggae,3632954,Mi Puta
parokya ni edgar,reggae,3501026,Bagsakan
reykon,reggae,3430205,Tu Cuerpo Me Llama - Remix
natiruts,reggae,3308751,Quero Ser Feliz Também
el alfa,reggae,3219903,4K
andy rivera,reggae,3124003,Monumento - Remix
wolfine,reggae,2972900,Bella - Remix
joey montana,reggae,2790726,Rosas O Espinas - Remix
chris jedi,reggae,2751707,PERREO LENTO
luigi 21 plus,reggae,2603911,La Groupie
lyanno,reggae,2600188,En Tu Cuerpo - Remix
dread mar i,reggae,2592750,Perfecta
rvssian,reggae,2560938,Santa
ivy queen,reggae,2409780,PRIMER AVISO
ryan castro,reggae,2368114,QUEMA
kendo kaponi,reggae,2309688,Antes y Después
ub40,reggae,2287749,The Way You Do The Things You Do
no te va gustar,reggae,2207394,De Nada Sirve
dj luian,reggae,2151143,Báilame - Remix
alkilados,reggae,2147425,Ella Me Persigue
ivete sangalo,reggae,2108714,O Mundo Vai
shaggy,reggae,2097192,Angel
baby rasta,reggae,2086223,Tengo una Punto 40
lalo ebratt,reggae,2073782,4 besos
sdp,reggae,1951738,Liebe ist ...
emicida,reggae,1924686,Camarão Que Dorme a Onda Leva
alex campos,reggae,1916486,Tu Amistad Me Hace Bien - En Vivo
jory boy,reggae,1888284,More
dalmata,reggae,1841952,Como Toda Una Señora
mario bautista,reggae,1813726,Brindo - Remix
ñejo & dalmata,reggae,1788183,No Necesito
luny tunes,reggae,1758526,Hay Algo en Ti
arijit singh,hindi/bollywood,204788314,Chaleya
pritam,hindi/bollywood,54681944,"What Jhumka ? (From ""Rocky Aur Rani Kii Prem Kahaani"")"
neha kakkar,hindi/bollywood,44257694,"Gali Gali (From ""Kgf Chapter 1"")"
a.r. rahman,hindi/bollywood,41915296,Tere Bina
darshan raval,hindi/bollywood,33949880,Saajan Ve
jubin nautiyal,hindi/bollywood,31356700,"Raataan Lambiyan (From ""Shershaah"")"
anirudh ravichander,hindi/bollywood,27933912,Hukum - Thalaivar Alappara
badshah,hindi/bollywood,25975371,"Naina (From ""Crew"")"
shreya ghoshal,hindi/bollywood,21139807,Saibo
armaan malik,hindi/bollywood,20310139,Main Rahoon Ya Na Rahoon
atif aslam,hindi/bollywood,19575122,Tera Hone Laga Hoon
diljit dosanjh,hindi/bollywood,18545897,"Naina (From ""Crew"")"
rahat fateh ali khan,hindi/bollywood,18388160,Teri Ore
guru randhawa,hindi/bollywood,17845882,Naach Meri Rani
mohit chauhan,hindi/bollywood,17541972,"Tune Jo Na Kaha (From ""New York"")"
amit trivedi,hindi/bollywood,17210249,Tu Hi Hai
kk,hindi/bollywood,16364011,"Tu Hi Yaar Mera (From ""Pati Patni Aur Woh"")"
sunidhi chauhan,hindi/bollywood,16351294,Bin Tere
sonu nigam,hindi/bollywood,15766206,"Sapna Jahan (From ""Brothers"")"
kumar sanu,hindi/bollywood,14995525,Ae Kash Ke Hum
yo yo honey singh,hindi/bollywood,14846556,Dheere Dheere
sid sriram,hindi/bollywood,14153339,"Kadhaippoma (From ""Oh My Kadavule"")"
udit narayan,hindi/bollywood,13847682,Aankhein Khuli
ankit tiwari,hindi/bollywood,13593427,Sunn Raha Hai
yuvan shankar raja,hindi/bollywood,12924129,"Whistle Podu (From ""The Greatest Of All Time"")"
alka yagnik,hindi/bollywood,12567652,Neend Churayee Meri
himesh reshammiya,hindi/bollywood,10523251,Aap Ki Kashish
javed ali,hindi/bollywood,10406666,Tum Tak
vishal dadlani,hindi/bollywood,9995615,Balam Pichkari
dhanush,hindi/bollywood,9961331,"Mayakkama Kalakkama (From ""Thiruchitrambalam"")"
shankar mahadevan,hindi/bollywood,9357919,Kadhale Kadhale
mika singh,hindi/bollywood,9312063,Subha Hone Na De
b praak,hindi/bollywood,8945452,"O Saki Saki (From ""Batla House"")"
tulsi kumar,hindi/bollywood,8609793,Tum Jo Aaye
harrdy sandhu,hindi/bollywood,8082368,"Kyaa Baat Haii 2.0 (From ""Govinda Naam Mera"")"
shaan,hindi/bollywood,7502033,Jab Se Tere Naina
mithoon,hindi/bollywood,7449066,Dil Jhoom
harris jayaraj,hindi/bollywood,7374726,Mundhinam
asha bhosle,hindi/bollywood,7091680,Zara Sa Jhoom Loon Main
nusrat fateh ali khan,hindi/bollywood,6450002,Sochta Houn
vishal-shekhar,hindi/bollywood,6111106,"Besharam Rang (From ""Pathaan"")"
tony kakkar,hindi/bollywood,5986447,Kanta Laga
amaal mallik,hindi/bollywood,5898999,O Khuda
palak muchhal,hindi/bollywood,5877688,Dekha Hazaro Dafaa
pankaj udhas,hindi/bollywood,5806390,"Jeeye to Jeeye Kaise (From ""Saajan"")"
anuradha paudwal,hindi/bollywood,5338042,"Tu Meri Zindagi Hai (From ""Aashiqui"")"
shankar-ehsaan-loy,hindi/bollywood,5273713,Bol Na Halke Halke
ayushmann khurrana,hindi/bollywood,5240057,"Maana Ke Hum Yaar Nahin (From ""Meri Pyaari Bindu"")"
harshdeep kaur,hindi/bollywood,5209199,Zaalima
anu malik,hindi/bollywood,4984097,Main Khiladi Tu Anari
adnan sami,hindi/bollywood,4882412,O Madhu
dhvani bhanushali,hindi/bollywood,4636253,"Duniyaa (From ""Luka Chuppi"")"
millind gaba,hindi/bollywood,4492167,"Nachi Nachi (From ""Street Dancer 3D"")"
abhijeet,hindi/bollywood,4475317,Zara Sa Jhoom Loon Main
roop kumar rathod,hindi/bollywood,4305392,Tujh Mein Rab Dikhta Hai - LoFi Mix
benny dayal,hindi/bollywood,4298843,Adiyae Kolluthey
mustafa zahid,hindi/bollywood,4278894,Teri Yaadon Se
s. janaki,hindi/bollywood,4236119,Yaar Bina Chain Kanha Ray
aastha gill,hindi/bollywood,4035380,Kamariya
farhan akhtar,hindi/bollywood,3842250,Khaabon Ke Parinday
tanishk bagchi,hindi/bollywood,3634127,"Teri Baaton Mein Aisa Uljha Jiya Title Song (From ""Teri Baaton Mein Aisa Uljha Jiya"")"
papon,hindi/bollywood,3394193,Kyon
neeti mohan,hindi/bollywood,3356545,Nainowale Ne
sajid-wajid,hindi/bollywood,3102295,"Awara (From ""Dabangg 3"")"
ajay-atul,hindi/bollywood,3027771,"Jai Shri Ram (From ""Adipurush"")"
arjun kanungo,hindi/bollywood,2901081,Aaya Na Tu
chinmayi,hindi/bollywood,2882355,Naan Un
rekha bhardwaj,hindi/bollywood,2814820,Judaai
kavita krishnamurthy,hindi/bollywood,2783351,Bole Chudiyan
ali zafar,hindi/bollywood,2749311,Pehli Si Muhabbat (Original Motion Picture Soundtrack)
shafqat amanat ali,hindi/bollywood,2570210,Bin Tere
gajendra verma,hindi/bollywood,2490686,Saajna Re
amitabh bachchan,hindi/bollywood,2372384,"Bol Na Halke Halke (From ""Jhoom Barabar Jhoom"")"
asees kaur,hindi/bollywood,2330556,"Akh Lad Jaave (From ""Loveyatri - A Journey Of Love"")"
santhosh narayanan,hindi/bollywood,2184232,Naan Nee
neeraj shridhar,hindi/bollywood,2163637,Character Dheela
bappi lahiri,hindi/bollywood,2159378,Yaad Aa Raha Hai
payal dev,hindi/bollywood,2132474,"Tum Hi Aana (From ""Marjaavaan"")"
salim–sulaiman,hindi/bollywood,2114442,Tujh Mein Rab Dikhta Hai
sachet tandon,hindi/bollywood,2106230,"Psycho Saiyaan (From ""Saaho"")"
alisha chinai,hindi/bollywood,2044940,"Sunny Sunny (From ""Yaariyan"")"
madan mohan,hindi/bollywood,2035950,"What Jhumka ? (From ""Rocky Aur Rani Kii Prem Kahaani"")"
shilpa rao,hindi/bollywood,1979923,"Besharam Rang (From ""Pathaan"")"
sohail sen,hindi/bollywood,1918603,Do Dhaari Talwaar
sachin-jigar,hindi/bollywood,1884552,Jug Jug Jeeve
mohammed irfan,hindi/bollywood,1853082,Tu Dua Hai Dua
jasleen royal,hindi/bollywood,1836137,Nachde Ne Saare
stebin ben,hindi/bollywood,1825020,Chupana Bhi Nahi Aata - Recreated Version
sandesh shandilya,hindi/bollywood,1772703,Socha Na Tha
meet bros.,hindi/bollywood,1704035,"Ik Mulaqaat - From ""Dream Girl"""
shaarib toshi,hindi/bollywood,1645943,"Saanson Ko (From ""Zid"")"
ash king,hindi/bollywood,1616041,"Nazar Na Lag Jaaye (From ""Stree"")"
mamta sharma,hindi/bollywood,1612182,Tooh
kamaal khan,hindi/bollywood,1600869,"Naiyo Lagda - From ""Kisi Ka Bhai Kisi Ki Jaan"""
vishal mishra,hindi/bollywood,1453477,Pehla Pyaar
anand raj anand,hindi/bollywood,1429814,Dil De Diya Hai
yasser desai,hindi/bollywood,1339046,"Dil Maang Raha Hai - From ""Ghost"""
shah rukh khan,hindi/bollywood,1321998,"Tujh Mein Rab Dikhta Hai (From ""Rab Ne Bana Di Jodi"")"
parampara tandon,hindi/bollywood,1248601,Chandni
naresh iyer,hindi/bollywood,1241203,Yaayum
travis scott,electronic,54330747,Trance (with Travis Scott & Young Thug)
calvin harris,electronic,46044714,We Found Love
avicii,electronic,45974687,Wake Me Up
alan walker,electronic,39951033,"Better Off (Alone, Pt. III)"
melanie martinez,electronic,38852604,Sippy Cup
marshmello,electronic,35223255,Come & Go (with Marshmello)
david guetta,electronic,26584415,Lighter
alok,electronic,23465472,Lua
halsey,electronic,21287602,Be Kind (with Halsey)
zara larsson,electronic,20881719,Never Forget You
daft punk,electronic,19558918,Instant Crush (feat. Julian Casablancas)
martin garrix,electronic,15781508,Ocean (feat. Khalid)
wisin & yandel,electronic,14098546,Noche De Sexo
major lazer,electronic,12473878,Closer to You (feat. Major Lazer)
aya nakamura,electronic,8833692,Doggy
dj snake,electronic,8808981,Turn Down for What
armin van buuren,electronic,8638705,What Took You So Long
kygo,electronic,8457568,Dancing Feet (feat. DNCE)
skrillex,electronic,8123059,RATATA
alesso,electronic,7853730,Words (feat. Zara Larsson)
steve aoki,electronic,7519240,Nataaoki
tiësto,electronic,7225110,Mwaki - Tiësto's VIP Mix
dimitri vegas & like mike,electronic,6862463,Thank You (Not So Bad)
florence + the machine,electronic,6605634,Girl With One Eye
stromae,electronic,6428195,Ta fête
zedd,electronic,5876789,Happy Now
axwell /\ ingrosso,electronic,4909302,Renegade
afrojack,electronic,4028559,We Can't Stop
cali y el dandee,electronic,4027287,Ella
jonas blue,electronic,3849840,Don’t Wake Me Up
swedish house mafia,electronic,3813914,One - Radio Edit
lykke li,electronic,3750940,Unchained Melody
hardwell,electronic,3723383,Nothing Else Matters vs F*CKING SOCIETY - Hardwell Mashup
tove lo,electronic,3544581,2 Die 4
galantis,electronic,3391933,Lighter
sigala,electronic,3141427,You for Me
gente de zona,electronic,3119276,Soy Yo
robin schulz,electronic,3110808,In Your Eyes (feat. Alida)
illenium,electronic,2955684,Not Even Love
beret,electronic,2947631,Diablo
lost frequencies,electronic,2781280,Head Down
deadmau5,electronic,2754040,Alive (feat. The Moth & The Flame)
chino & nacho,electronic,2676573,Tu Angelito
diplo,electronic,2599284,On My Mind
felix jaehn,electronic,2573420,All For Love
r3hab,electronic,2534747,Waterfall
flume,electronic,2423357,On Top (feat. T-Shirt)
grimes,electronic,2322474,Flesh without Blood
jax jones,electronic,2320191,You Don't Know Me (feat. RAYE)
dillon francis,electronic,2265528,Catchy Song (feat. T-Pain & That Girl Lay Lay)
nicky romero,electronic,2257531,Toulouse
jeremy zucker,electronic,2242768,better off
cheat codes,electronic,2189857,South of the Border (feat. Camila Cabello & Cardi B) - Cheat Codes Remix
disclosure,electronic,2155136,Latch
bomba estéreo,electronic,2115204,To My Love
saint jhn,electronic,2062602,I Heard You Got Too Litt Last Night
lily allen,electronic,2027961,Hard out Here
rina sawayama,electronic,2010339,This Hell (feat. CHANMINA - Gyarupi Remix - Spotify Singles)
buray,electronic,1910077,Senin Yüzünden
hippie sabotage,electronic,1884778,Habits (Stay High) - Hippie Sabotage Remix
kiiara,electronic,1848137,Darkside (with Ty Dolla $ign & Future feat. Kiiara)
don diablo,electronic,1826573,Jiggy Woogie
nucleya,electronic,1810846,Roz
vintage culture,electronic,1798269,I Will Find
kshmr,electronic,1769017,Tears On The Dancefloor (feat. Hannah Boleyn)
juan magán,electronic,1766995,Verano Azul
moby,electronic,1760411,Flower
fisher,electronic,1760195,Jamming - FISHER Rework
ellise,electronic,1666888,Can You Keep a Secret?
odesza,electronic,1592392,A Moment Apart
mike perry,electronic,1532946,If I Ruled The World
fkj,electronic,1497519,Tadow - Edit
rüfüs du sol,electronic,1493884,You Were Right
mø,electronic,1458475,Don't Leave
empire of the sun,electronic,1455364,The Thrill
meduza,electronic,1443618,Upside Down
duke dumont,electronic,1433940,"Red Light Green Light - For Club Play Only, Pt. 6"
icona pop,electronic,1406851,Clap Snap
fred again..,electronic,1403228,stayinit
martin jensen,electronic,1382618,Angel (with Chrish)
mika,electronic,1355529,"Relax, Take It Easy"
hadise,electronic,1352856,Sen Dönene Kadar
sakanaction,electronic,1292617,ミュージック
ritviz,electronic,1286577,Udd Gaye
inna,electronic,1273115,Bad Boys
deorro,electronic,1251116,Yo Las Pongo
nick murphy,electronic,1246836,Forget About Me
poshlaya molly,electronic,1233359,Дом Периньон
fatboy slim,electronic,1216217,The Rockafeller Skank
martin solveig,electronic,1215520,Intoxicated
purity ring,electronic,1181554,Better Off Alone
justice,electronic,1174421,One Night/All Night
black coffee,electronic,1100348,Superman
jack ü,electronic,1088409,Take Ü There (feat. Kiesza) - Missy Elliott Remix
oh wonder,electronic,1064288,The Way Life Goes (feat. Nicki Minaj & Oh Wonder) - Remix
dvbbs,electronic,1059834,Where Do We Go
banks,electronic,1057365,And I Drove You Crazy
sickick,electronic,1054042,Gomd
thom yorke,electronic,1051975,Dawn Chorus
azealia banks,electronic,1051774,Liquorice
arctic monkeys,indie,46990350,R U Mine?
ellie goulding,indie,24765057,Outside (feat. Ellie Goulding)
twenty one pilots,indie,24217691,Tear in My Heart
halsey,indie,21287602,Walls Could Talk
conan gray,indie,18378126,Astronomy
my chemical romance,indie,16516162,I Don't Love You
the neighbourhood,indie,14631497,Sweater Weather
g-eazy,indie,10480634,Tumblr Girls (feat. Christoph Andersson)
marina,indie,10458824,The Family Jewels
alec benjamin,indie,9732535,Let Me Down Slowly (feat. Alessia Cara)
måneskin,indie,8273660,GOSSIP (feat. Tom Morello)
foster the people,indie,7507731,Houdini
girl in red,indie,7100937,I'm Back
bon iver,indie,7083349,Re: Stacks
the 1975,indie,7024219,Love It If We Made It
kevin kaarl,indie,6818368,Abrazado a Ti
ajr,indie,6420107,Weak
labrinth,indie,6322324,All For Us
hozier,indie,6238650,Work Song
beabadoobee,indie,6220994,the way things go
tv girl,indie,5988386,Cigarettes out the Window
zoé,indie,5607022,Labios Rotos - En Vivo Desde México / 2010
fiersa besari,indie,5388801,"Pelukku Untuk Pelikmu - OST Imperfect: Karier, Cinta, & Timbangan"
anderson .paak,indie,4925377,Coast (feat. Anderson .Paak)
willow,indie,4888437,t r a n s p a r e n t s o u l feat. Travis Barker
arthur nery,indie,4824511,Higa
noah kahan,indie,4385033,Stick Season
clairo,indie,4351652,Bubble Gum
natalia lafourcade,indie,4313569,El lugar correcto
coez,indie,4208687,Che colpa ne ho
jvke,indie,4200863,"Fire! (feat. YUQI ((G)I-DLE), JVKE)"
wos,indie,4093445,QUEMARÁS
glass animals,indie,4074684,Tangerine
cavetown,indie,4054317,Devil Town
the xx,indie,3888572,Intro
lykke li,indie,3750940,Possibility
đen,indie,3720346,Cho Tôi Lang Thang
the living tombstone,indie,3669157,Stuck Inside
cage the elephant,indie,3647827,Telescope
payung teduh,indie,3536146,Berdua Saja
sub urban,indie,3244950,Cradles
alt-j,indie,3232818,Fitzpleasure
alex g,indie,3230267,Things to Do
tj monterde,indie,3213588,Mahika
dominic fike,indie,3069031,3 Nights
ed maverick,indie,3064055,siempreestoypati
mgmt,indie,3050357,Me and Michael
ghali,indie,3002788,GTA (feat. Ghali)
lord huron,indie,2939277,I Lied (with Allison Ponthier)
fourtwnty,indie,2880749,Kursi Goyang
dark polo gang,indie,2718554,Fiori Del Male (feat.Sfera Ebbasta)
wallows,indie,2588832,Remember When
the kooks,indie,2506539,Ooh La
angus & julia stone,indie,2498196,The Wedding Song
flume,indie,2423357,Rushing Back (feat. Vera Blue)
hopsin,indie,2400699,Nocturnal Rainbows
corpse,indie,2377292,E-GIRLS ARE RUINING MY LIFE!
two door cinema club,indie,2365638,Happy Customers
owl city,indie,2329182,To the Sky
grouplove,indie,2325832,Colours
phoebe bridgers,indie,2325265,I Know The End
grimes,indie,2322474,Welcome To The Opera (with Grimes)
thegiornalisti,indie,2256184,Zero stare sereno
yungblud,indie,2194901,When We Die (Can We Still Get High?) (feat. Lil Yachty)
disclosure,indie,2155136,Help Me Lose My Mind
awolnation,indie,2144091,Sail - Feed Me Remix
rina sawayama,indie,2010339,Eye For An Eye (Single from John Wick: Chapter 4 Original Motion Picture Soundtrack)
ben howard,indie,2005171,In Dreams
sufjan stevens,indie,1988932,The Only Thing
lil dicky,indie,1970610,Mr. McAdams
two feet,indie,1967908,Go Fuck Yourself
finneas,indie,1936728,Break My Heart Again
salvia palth,indie,1929041,girl
vampire weekend,indie,1918935,Campus
anuv jain,indie,1918532,Mazaak
eyedress,indie,1850143,Something About You
vũ.,indie,1820256,Đông Kiếm Em
nucleya,indie,1810846,Jadi Buti
annenmaykantereit,indie,1769921,Vielleicht Vielleicht
men i trust,indie,1767396,Lauren
king princess,indie,1721888,PAIN
pinguini tattici nucleari,indie,1682959,Ringo Starr
kaleo,indie,1671652,No Good
hayley kiyoko,indie,1655779,Girls Like Girls
three man down,indie,1646085,เปิดตัวเขา (Rebound)
tedua,indie,1607703,Dimmi Che C'è (feat. Tedua)
odesza,indie,1592392,The Last Goodbye
young the giant,indie,1554678,Silvertongue
jack stauber's micropop,indie,1504386,Two Time
fkj,indie,1497519,Tadow
rüfüs du sol,indie,1493884,Innerbloom - Radio Edit
london grammar,indie,1491729,Wasting My Young Years
ink waruntorn,indie,1464848,สายตาหลอกกันไม่ได้ (Eyes Don’t Lie)
empire of the sun,indie,1455364,High And Low
calcutta,indie,1443955,Paracetamolo
portugal. the man,indie,1422372,Dummy
the score,indie,1419766,Revolution
kaytranada,indie,1400549,Be Your Girl (Kaytranada Edition)
james blake,indie,1396019,Barefoot In The Park (feat. ROSALÍA)
jon bellion,indie,1393577,Kingdom Come
luke combs,country,20048715,Better Together
morgan wallen,country,16944782,Thinkin’ Bout Me
chris stapleton,country,13297987,Traveller
keith urban,country,10334087,Days Go By
luke bryan,country,8622250,Kiss Tomorrow Goodbye
zac brown band,country,7496319,As She's Walking Away (feat. Alan Jackson)
blake shelton,country,7273171,Austin
creedence clearwater revival,country,6462389,Down On The Corner
zach bryan,country,6454084,Heading South
jason aldean,country,6429854,If I Didn’t Love You
bob dylan,country,6393761,"Lay, Lady, Lay"
dan + shay,country,6239779,Bigger Houses
johnny cash,country,6155417,So Doggone Lonesome
dierks bentley,country,6147341,Burning Man
shania twain,country,6039958,"Honey, I'm Home"
carrie underwood,country,5938684,Blown Away
brooks & dunn,country,5626991,Brand New Man
chris young,country,5545914,You
little big town,country,5528224,"Wine, Beer, Whiskey"
florida georgia line,country,5445623,This Is How We Roll
kane brown,country,5259539,Famous Friends
thomas rhett,country,4683851,Die A Happy Man
sam hunt,country,4600887,Take Your Time
tim mcgraw,country,4512331,Over & Over
kenny chesney,country,4434039,I Go Back
george strait,country,4218882,Check Yes Or No
eric church,country,3874435,Record Year
jon pardi,country,3811675,Heartache On The Dance Floor
lady a,country,3658452,Need You Now
rascal flatts,country,3607769,Until Grace
miranda lambert,country,3539303,If I Was a Cowboy
jelly roll,country,3392811,Chevrolet (feat. Jelly Roll)
josh turner,country,2651713,Hometown Girl
alan jackson,country,2635726,Good Time
billy currington,country,2621150,People Are Crazy
trace adkins,country,2564325,Where the Country Girls At (feat. Luke Bryan & Pitbull)
darius rucker,country,2532343,Beers And Sunshine
hunter hayes,country,2521553,Invisible
dolly parton,country,2437613,There Was Jesus
dustin lynch,country,2330634,Good Girl
jordan davis,country,2303318,Slow Dance In A Parking Lot
lee brice,country,2197752,One Of Them Girls
steely dan,country,2186068,Rikki Don't Lose That Number
willie nelson,country,2159547,SMOKE HOUR ★ WILLIE NELSON
reba mcentire,country,2009166,Consider Me Gone
jake owen,country,1933007,American Country Love Song
salvia palth,country,1929041,melanchole
"crosby, stills & nash",country,1896302,Just a Song Before I Go
faith hill,country,1812384,The Rest of Our Life
randy travis,country,1716874,I Told You So
"hank williams, jr.",country,1605575,Weatherman
maren morris,country,1574560,My Church
brett eldredge,country,1469966,The Long Way
old dominion,country,1449897,Memory Lane
waylon jennings,country,1426106,Mammas Don't Let Your Babies Grow up to Be Cowboys
the chicks,country,1419963,Landslide
jim croce,country,1393782,Walkin’ Back to Georgia
kacey musgraves,country,1387188,Too Good to be True
derek & the dominos,country,1375470,Nobody Knows You When You're Down And Out
leann rimes,country,1344000,I Need You
martina mcbride,country,1342205,All My Ex's Live In Texas - Live
the highwaymen,country,1329784,Live Forever
jackson browne,country,1319137,Late for the Sky - Remastered
colter wall,country,1260707,Cowpoke
peter frampton,country,1248942,Four Day Creep
brothers osborne,country,1236601,Might As Well Be Me
cody johnson,country,1222244,Dirt Cheap
first aid kit,country,1192687,Kids in Love
big & rich,country,1191882,Comin' to Your City
trisha yearwood,country,1165392,How Do I Live
chase rice,country,1131215,Ride
kelsea ballerini,country,1116756,half of my hometown (feat. Kenny Chesney)
bailey zimmerman,country,1059077,Rock and A Hard Place
brett young,country,1049408,Here Tonight
chris lane,country,995638,Fix
russell dickerson,country,955852,She Likes It (feat. Jake Scott)
jessie murph,country,923716,Heartbroken (feat. Jessie Murph & Polo G)
neal mccoy,country,902673,You're My Jamaica - Duet with Charley Pride
hardy,country,856120,TRUCK BED
eli young band,country,823341,Crazy Girl
buddy guy,country,807281,Ain't No Sunshine
lee ann womack,country,746341,Roll Me Up and Smoke Me When I Die - Live
jamey johnson,country,741891,That Lonesome Song
riley green,country,728441,There Was This Girl
rittz,country,725595,Switch Lanes
uncle kracker,country,691145,Good to Be Me (feat. Kid Rock) - South River Road Version [South River Road Version]
bonnie raitt,country,681093,Nick Of Time
walker hayes,country,649873,U Gurl
lainey wilson,country,636302,Dirty Looks
lauren alaina,country,633330,Ladies In The '90s
pistol annies,country,622372,Best Years of My Life
charley pride,country,598064,Just Between You and Me
kris kristofferson,country,582767,Big River
vince gill,country,579306,Look At Us
tech n9ne collabos,country,542611,P.O.W.
ryan bingham,country,494094,Southside Of Heaven
raelynn,country,473482,funny girl
jerrod niemann,country,471168,I Got This
gillian welch,country,445522,Dry Town (Demo)
granger smith,country,421428,Buy A Boy A Baseball
